{
  "best_thr": 0.6,
  "fusion": {
    "mIoU": 0.9280340055726011,
    "IoU_micro": 0.929133850951702,
    "Precision": 0.9752066035106892,
    "Recall": 0.951612895551509,
    "ROC_AUC": 0.993358597514908,
    "Latency_ms": 290.9226417541504,
    "N": 4,
    "TP": 118,
    "FP": 3,
    "FN": 6
  },
  "camera": {
    "mIoU": 0.1632893289142336,
    "IoU_micro": 0.16304347800769647,
    "Precision": 0.1679999997312,
    "Recall": 0.8467741867195631,
    "ROC_AUC": 0.9882417747162895,
    "Latency_ms": 290.9226417541504,
    "N": 4,
    "TP": 105,
    "FP": 520,
    "FN": 19
  },
  "aux": {
    "mIoU": 0.8866487186853659,
    "IoU_micro": 0.8872180384419697,
    "Precision": 0.929133850951702,
    "Recall": 0.951612895551509,
    "ROC_AUC": 0.9999749725314286,
    "Latency_ms": 290.9226417541504,
    "N": 4,
    "TP": 118,
    "FP": 9,
    "FN": 6
  }
}